1,ABC,DEF,email@email.com
2,ABC,DEF,email@email.com
3,ABC,DEF,email@email.com
4,ABC,DEF,email@email.com
5,ABC,DEF,email@email.com
6,ABC,DEF,email@email.com
7,ABC,DEF,email@email.com
8,ABC,DEF,email@email.com
9,ABC,DEF,email@email.com
10,ABC,DEF,email@email.com
11,ABC,DEF,email@email.com
12,ABC,DEF,email@email.com
13,ABC,DEF,email@email.com
14,ABC,DEF,email@email.com
15,ABC,DEF,email@email.com
16,ABC,DEF,email@email.com
17,ABC,DEF,email@email.com
18,ABC,DEF,email@email.com
19,ABC,DEF,email@email.com
20,ABC,DEF,email@email.com
21,ABC,DEF,email@email.com
22,ABC,DEF,email@email.com
23,ABC,DEF,email@email.com
24,ABC,DEF,email@email.com
25,ABC,DEF,email@email.com
26,ABC,DEF,email@email.com
27,ABC,DEF,email@email.com
28,ABC,DEF,email@email.com
29,ABC,DEF,email@email.com
30,ABC,DEF,email@email.com
31,ABC,DEF,email@email.com
32,ABC,DEF,email@email.com
33,ABC,DEF,email@email.com
34,ABC,DEF,email@email.com
35,ABC,DEF,email@email.com
36,ABC,DEF,email@email.com
37,ABC,DEF,email@email.com
38,ABC,DEF,email@email.com
39,ABC,DEF,email@email.com
40,ABC,DEF,email@email.com
41,ABC,DEF,email@email.com
42,ABC,DEF,email@email.com
43,ABC,DEF,email@email.com
44,ABC,DEF,email@email.com
45,ABC,DEF,email@email.com
46,ABC,DEF,email@email.com
47,ABC,DEF,email@email.com
48,ABC,DEF,email@email.com
49,ABC,DEF,email@email.com
50,ABC,DEF,email@email.com
51,ABC,DEF,email@email.com
52,ABC,DEF,email@email.com
53,ABC,DEF,email@email.com
54,ABC,DEF,email@email.com
55,ABC,DEF,email@email.com
56,ABC,DEF,email@email.com
57,ABC,DEF,email@email.com
58,ABC,DEF,email@email.com
59,ABC,DEF,email@email.com
60,ABC,DEF,email@email.com
61,ABC,DEF,email@email.com
62,ABC,DEF,email@email.com
63,ABC,DEF,email@email.com
64,ABC,DEF,email@email.com
65,ABC,DEF,email@email.com
66,ABC,DEF,email@email.com
67,ABC,DEF,email@email.com
68,ABC,DEF,email@email.com
69,ABC,DEF,email@email.com
70,ABC,DEF,email@email.com
71,ABC,DEF,email@email.com
72,ABC,DEF,email@email.com
73,ABC,DEF,email@email.com
74,ABC,DEF,email@email.com
75,ABC,DEF,email@email.com
76,ABC,DEF,email@email.com
77,ABC,DEF,email@email.com
78,ABC,DEF,email@email.com
79,ABC,DEF,email@email.com
80,ABC,DEF,email@email.com
81,ABC,DEF,email@email.com
82,ABC,DEF,email@email.com
83,ABC,DEF,email@email.com
84,ABC,DEF,email@email.com
85,ABC,DEF,email@email.com
86,ABC,DEF,email@email.com
87,ABC,DEF,email@email.com
88,ABC,DEF,email@email.com
89,ABC,DEF,email@email.com
90,ABC,DEF,email@email.com
91,ABC,DEF,email@email.com
92,ABC,DEF,email@email.com
93,ABC,DEF,email@email.com
94,ABC,DEF,email@email.com
95,ABC,DEF,email@email.com
96,ABC,DEF,email@email.com
97,ABC,DEF,email@email.com
98,ABC,DEF,email@email.com
99,ABC,DEF,email@email.com
100,ABC,DEF,email@email.com
101,ABC,DEF,email@email.com
102,ABC,DEF,email@email.com
103,ABC,DEF,email@email.com
104,ABC,DEF,email@email.com
105,ABC,DEF,email@email.com
106,ABC,DEF,email@email.com
107,ABC,DEF,email@email.com
108,ABC,DEF,email@email.com
109,ABC,DEF,email@email.com
110,ABC,DEF,email@email.com
111,ABC,DEF,email@email.com
112,ABC,DEF,email@email.com
113,ABC,DEF,email@email.com
114,ABC,DEF,email@email.com
115,ABC,DEF,email@email.com
116,ABC,DEF,email@email.com
117,ABC,DEF,email@email.com
118,ABC,DEF,email@email.com
119,ABC,DEF,email@email.com
120,ABC,DEF,email@email.com
121,ABC,DEF,email@email.com
122,ABC,DEF,email@email.com
123,ABC,DEF,email@email.com
124,ABC,DEF,email@email.com
125,ABC,DEF,email@email.com
126,ABC,DEF,email@email.com
127,ABC,DEF,email@email.com
128,ABC,DEF,email@email.com
129,ABC,DEF,email@email.com
130,ABC,DEF,email@email.com
131,ABC,DEF,email@email.com
132,ABC,DEF,email@email.com
133,ABC,DEF,email@email.com
134,ABC,DEF,email@email.com
135,ABC,DEF,email@email.com
136,ABC,DEF,email@email.com
137,ABC,DEF,email@email.com
138,ABC,DEF,email@email.com
139,ABC,DEF,email@email.com
140,ABC,DEF,email@email.com
141,ABC,DEF,email@email.com
142,ABC,DEF,email@email.com
143,ABC,DEF,email@email.com
144,ABC,DEF,email@email.com
145,ABC,DEF,email@email.com
146,ABC,DEF,email@email.com
147,ABC,DEF,email@email.com
148,ABC,DEF,email@email.com
149,ABC,DEF,email@email.com
150,ABC,DEF,email@email.com
151,ABC,DEF,email@email.com
152,ABC,DEF,email@email.com
153,ABC,DEF,email@email.com
154,ABC,DEF,email@email.com
155,ABC,DEF,email@email.com
156,ABC,DEF,email@email.com
157,ABC,DEF,email@email.com
158,ABC,DEF,email@email.com
159,ABC,DEF,email@email.com
160,ABC,DEF,email@email.com
161,ABC,DEF,email@email.com
162,ABC,DEF,email@email.com
163,ABC,DEF,email@email.com
164,ABC,DEF,email@email.com
165,ABC,DEF,email@email.com
166,ABC,DEF,email@email.com
167,ABC,DEF,email@email.com
168,ABC,DEF,email@email.com
169,ABC,DEF,email@email.com
170,ABC,DEF,email@email.com
171,ABC,DEF,email@email.com
172,ABC,DEF,email@email.com
173,ABC,DEF,email@email.com
174,ABC,DEF,email@email.com
175,ABC,DEF,email@email.com
176,ABC,DEF,email@email.com
177,ABC,DEF,email@email.com
178,ABC,DEF,email@email.com
179,ABC,DEF,email@email.com
180,ABC,DEF,email@email.com
181,ABC,DEF,email@email.com
182,ABC,DEF,email@email.com
183,ABC,DEF,email@email.com
184,ABC,DEF,email@email.com
185,ABC,DEF,email@email.com
186,ABC,DEF,email@email.com
187,ABC,DEF,email@email.com
188,ABC,DEF,email@email.com
189,ABC,DEF,email@email.com
190,ABC,DEF,email@email.com
191,ABC,DEF,email@email.com
192,ABC,DEF,email@email.com
193,ABC,DEF,email@email.com
194,ABC,DEF,email@email.com
195,ABC,DEF,email@email.com
196,ABC,DEF,email@email.com
197,ABC,DEF,email@email.com
198,ABC,DEF,email@email.com
199,ABC,DEF,email@email.com
200,ABC,DEF,email@email.com
201,ABC,DEF,email@email.com
202,ABC,DEF,email@email.com
203,ABC,DEF,email@email.com
204,ABC,DEF,email@email.com
205,ABC,DEF,email@email.com
206,ABC,DEF,email@email.com
207,ABC,DEF,email@email.com
208,ABC,DEF,email@email.com
209,ABC,DEF,email@email.com
210,ABC,DEF,email@email.com
211,ABC,DEF,email@email.com
212,ABC,DEF,email@email.com
213,ABC,DEF,email@email.com
214,ABC,DEF,email@email.com
215,ABC,DEF,email@email.com
216,ABC,DEF,email@email.com
217,ABC,DEF,email@email.com
218,ABC,DEF,email@email.com
219,ABC,DEF,email@email.com
220,ABC,DEF,email@email.com
221,ABC,DEF,email@email.com
222,ABC,DEF,email@email.com
223,ABC,DEF,email@email.com
224,ABC,DEF,email@email.com
225,ABC,DEF,email@email.com
226,ABC,DEF,email@email.com
227,ABC,DEF,email@email.com
228,ABC,DEF,email@email.com
229,ABC,DEF,email@email.com
230,ABC,DEF,email@email.com
231,ABC,DEF,email@email.com
232,ABC,DEF,email@email.com
233,ABC,DEF,email@email.com
234,ABC,DEF,email@email.com
235,ABC,DEF,email@email.com
236,ABC,DEF,email@email.com
237,ABC,DEF,email@email.com
238,ABC,DEF,email@email.com
239,ABC,DEF,email@email.com
240,ABC,DEF,email@email.com
241,ABC,DEF,email@email.com
242,ABC,DEF,email@email.com
243,ABC,DEF,email@email.com
244,ABC,DEF,email@email.com
245,ABC,DEF,email@email.com
246,ABC,DEF,email@email.com
247,ABC,DEF,email@email.com
248,ABC,DEF,email@email.com
249,ABC,DEF,email@email.com
250,ABC,DEF,email@email.com
251,ABC,DEF,email@email.com
252,ABC,DEF,email@email.com
253,ABC,DEF,email@email.com
254,ABC,DEF,email@email.com
255,ABC,DEF,email@email.com
256,ABC,DEF,email@email.com
257,ABC,DEF,email@email.com
258,ABC,DEF,email@email.com
259,ABC,DEF,email@email.com
260,ABC,DEF,email@email.com
261,ABC,DEF,email@email.com
262,ABC,DEF,email@email.com
263,ABC,DEF,email@email.com
264,ABC,DEF,email@email.com
265,ABC,DEF,email@email.com
266,ABC,DEF,email@email.com
267,ABC,DEF,email@email.com
268,ABC,DEF,email@email.com
269,ABC,DEF,email@email.com
270,ABC,DEF,email@email.com
271,ABC,DEF,email@email.com
272,ABC,DEF,email@email.com
273,ABC,DEF,email@email.com
274,ABC,DEF,email@email.com
275,ABC,DEF,email@email.com
276,ABC,DEF,email@email.com
277,ABC,DEF,email@email.com
278,ABC,DEF,email@email.com
279,ABC,DEF,email@email.com
280,ABC,DEF,email@email.com
281,ABC,DEF,email@email.com
282,ABC,DEF,email@email.com
283,ABC,DEF,email@email.com
284,ABC,DEF,email@email.com
285,ABC,DEF,email@email.com
286,ABC,DEF,email@email.com
287,ABC,DEF,email@email.com
288,ABC,DEF,email@email.com
289,ABC,DEF,email@email.com
290,ABC,DEF,email@email.com
291,ABC,DEF,email@email.com
292,ABC,DEF,email@email.com
293,ABC,DEF,email@email.com
294,ABC,DEF,email@email.com
295,ABC,DEF,email@email.com
296,ABC,DEF,email@email.com
297,ABC,DEF,email@email.com
298,ABC,DEF,email@email.com
299,ABC,DEF,email@email.com
300,ABC,DEF,email@email.com
301,ABC,DEF,email@email.com
302,ABC,DEF,email@email.com
303,ABC,DEF,email@email.com
304,ABC,DEF,email@email.com
305,ABC,DEF,email@email.com
306,ABC,DEF,email@email.com
307,ABC,DEF,email@email.com
308,ABC,DEF,email@email.com
309,ABC,DEF,email@email.com
310,ABC,DEF,email@email.com
311,ABC,DEF,email@email.com
312,ABC,DEF,email@email.com
313,ABC,DEF,email@email.com
314,ABC,DEF,email@email.com
315,ABC,DEF,email@email.com
316,ABC,DEF,email@email.com
317,ABC,DEF,email@email.com
318,ABC,DEF,email@email.com
319,ABC,DEF,email@email.com
320,ABC,DEF,email@email.com
321,ABC,DEF,email@email.com
322,ABC,DEF,email@email.com
323,ABC,DEF,email@email.com
324,ABC,DEF,email@email.com
325,ABC,DEF,email@email.com
326,ABC,DEF,email@email.com
327,ABC,DEF,email@email.com
328,ABC,DEF,email@email.com
329,ABC,DEF,email@email.com
330,ABC,DEF,email@email.com
331,ABC,DEF,email@email.com
332,ABC,DEF,email@email.com
333,ABC,DEF,email@email.com
334,ABC,DEF,email@email.com
335,ABC,DEF,email@email.com
336,ABC,DEF,email@email.com
337,ABC,DEF,email@email.com
338,ABC,DEF,email@email.com
339,ABC,DEF,email@email.com
340,ABC,DEF,email@email.com
341,ABC,DEF,email@email.com
342,ABC,DEF,email@email.com
343,ABC,DEF,email@email.com
344,ABC,DEF,email@email.com
345,ABC,DEF,email@email.com
346,ABC,DEF,email@email.com
347,ABC,DEF,email@email.com
348,ABC,DEF,email@email.com
349,ABC,DEF,email@email.com
350,ABC,DEF,email@email.com
351,ABC,DEF,email@email.com
352,ABC,DEF,email@email.com
353,ABC,DEF,email@email.com
354,ABC,DEF,email@email.com
355,ABC,DEF,email@email.com
356,ABC,DEF,email@email.com
357,ABC,DEF,email@email.com
358,ABC,DEF,email@email.com
359,ABC,DEF,email@email.com
360,ABC,DEF,email@email.com
361,ABC,DEF,email@email.com
362,ABC,DEF,email@email.com
363,ABC,DEF,email@email.com
364,ABC,DEF,email@email.com
365,ABC,DEF,email@email.com
366,ABC,DEF,email@email.com
367,ABC,DEF,email@email.com
368,ABC,DEF,email@email.com
369,ABC,DEF,email@email.com
370,ABC,DEF,email@email.com
371,ABC,DEF,email@email.com
372,ABC,DEF,email@email.com
373,ABC,DEF,email@email.com
374,ABC,DEF,email@email.com
375,ABC,DEF,email@email.com
376,ABC,DEF,email@email.com
377,ABC,DEF,email@email.com
378,ABC,DEF,email@email.com
379,ABC,DEF,email@email.com
380,ABC,DEF,email@email.com
381,ABC,DEF,email@email.com
382,ABC,DEF,email@email.com
383,ABC,DEF,email@email.com
384,ABC,DEF,email@email.com
385,ABC,DEF,email@email.com
386,ABC,DEF,email@email.com
387,ABC,DEF,email@email.com
388,ABC,DEF,email@email.com
389,ABC,DEF,email@email.com
390,ABC,DEF,email@email.com
391,ABC,DEF,email@email.com
392,ABC,DEF,email@email.com
393,ABC,DEF,email@email.com
394,ABC,DEF,email@email.com
395,ABC,DEF,email@email.com
396,ABC,DEF,email@email.com
397,ABC,DEF,email@email.com
398,ABC,DEF,email@email.com
399,ABC,DEF,email@email.com
400,ABC,DEF,email@email.com
401,ABC,DEF,email@email.com
402,ABC,DEF,email@email.com
403,ABC,DEF,email@email.com
404,ABC,DEF,email@email.com
405,ABC,DEF,email@email.com
406,ABC,DEF,email@email.com
407,ABC,DEF,email@email.com
408,ABC,DEF,email@email.com
409,ABC,DEF,email@email.com
410,ABC,DEF,email@email.com
411,ABC,DEF,email@email.com
412,ABC,DEF,email@email.com
413,ABC,DEF,email@email.com
414,ABC,DEF,email@email.com
415,ABC,DEF,email@email.com
416,ABC,DEF,email@email.com
417,ABC,DEF,email@email.com
418,ABC,DEF,email@email.com
419,ABC,DEF,email@email.com
420,ABC,DEF,email@email.com
421,ABC,DEF,email@email.com
422,ABC,DEF,email@email.com
423,ABC,DEF,email@email.com
424,ABC,DEF,email@email.com
425,ABC,DEF,email@email.com
426,ABC,DEF,email@email.com
427,ABC,DEF,email@email.com
428,ABC,DEF,email@email.com
429,ABC,DEF,email@email.com
430,ABC,DEF,email@email.com
431,ABC,DEF,email@email.com
432,ABC,DEF,email@email.com
433,ABC,DEF,email@email.com
434,ABC,DEF,email@email.com
435,ABC,DEF,email@email.com
436,ABC,DEF,email@email.com
437,ABC,DEF,email@email.com
438,ABC,DEF,email@email.com
439,ABC,DEF,email@email.com
440,ABC,DEF,email@email.com
441,ABC,DEF,email@email.com
442,ABC,DEF,email@email.com
443,ABC,DEF,email@email.com
444,ABC,DEF,email@email.com
445,ABC,DEF,email@email.com
446,ABC,DEF,email@email.com
447,ABC,DEF,email@email.com
448,ABC,DEF,email@email.com
449,ABC,DEF,email@email.com
450,ABC,DEF,email@email.com
451,ABC,DEF,email@email.com
452,ABC,DEF,email@email.com
453,ABC,DEF,email@email.com
454,ABC,DEF,email@email.com
455,ABC,DEF,email@email.com
456,ABC,DEF,email@email.com
457,ABC,DEF,email@email.com
458,ABC,DEF,email@email.com
459,ABC,DEF,email@email.com
460,ABC,DEF,email@email.com
461,ABC,DEF,email@email.com
462,ABC,DEF,email@email.com
463,ABC,DEF,email@email.com
464,ABC,DEF,email@email.com
465,ABC,DEF,email@email.com
466,ABC,DEF,email@email.com
467,ABC,DEF,email@email.com
468,ABC,DEF,email@email.com
469,ABC,DEF,email@email.com
470,ABC,DEF,email@email.com
471,ABC,DEF,email@email.com
472,ABC,DEF,email@email.com
473,ABC,DEF,email@email.com
474,ABC,DEF,email@email.com
475,ABC,DEF,email@email.com
476,ABC,DEF,email@email.com
477,ABC,DEF,email@email.com
478,ABC,DEF,email@email.com
479,ABC,DEF,email@email.com
480,ABC,DEF,email@email.com
481,ABC,DEF,email@email.com
482,ABC,DEF,email@email.com
483,ABC,DEF,email@email.com
484,ABC,DEF,email@email.com
485,ABC,DEF,email@email.com
486,ABC,DEF,email@email.com
487,ABC,DEF,email@email.com
488,ABC,DEF,email@email.com
489,ABC,DEF,email@email.com
490,ABC,DEF,email@email.com
491,ABC,DEF,email@email.com
492,ABC,DEF,email@email.com
493,ABC,DEF,email@email.com
494,ABC,DEF,email@email.com
495,ABC,DEF,email@email.com
496,ABC,DEF,email@email.com
497,ABC,DEF,email@email.com
498,ABC,DEF,email@email.com
499,ABC,DEF,email@email.com
500,ABC,DEF,email@email.com
501,ABC,DEF,email@email.com
502,ABC,DEF,email@email.com
503,ABC,DEF,email@email.com
504,ABC,DEF,email@email.com
505,ABC,DEF,email@email.com
506,ABC,DEF,email@email.com
507,ABC,DEF,email@email.com
508,ABC,DEF,email@email.com
509,ABC,DEF,email@email.com
510,ABC,DEF,email@email.com
511,ABC,DEF,email@email.com
512,ABC,DEF,email@email.com
513,ABC,DEF,email@email.com
514,ABC,DEF,email@email.com
515,ABC,DEF,email@email.com
516,ABC,DEF,email@email.com
517,ABC,DEF,email@email.com
518,ABC,DEF,email@email.com
519,ABC,DEF,email@email.com
520,ABC,DEF,email@email.com
521,ABC,DEF,email@email.com
522,ABC,DEF,email@email.com
523,ABC,DEF,email@email.com
524,ABC,DEF,email@email.com
525,ABC,DEF,email@email.com
526,ABC,DEF,email@email.com
527,ABC,DEF,email@email.com
528,ABC,DEF,email@email.com
529,ABC,DEF,email@email.com
530,ABC,DEF,email@email.com
531,ABC,DEF,email@email.com
532,ABC,DEF,email@email.com
533,ABC,DEF,email@email.com
534,ABC,DEF,email@email.com
535,ABC,DEF,email@email.com
536,ABC,DEF,email@email.com
537,ABC,DEF,email@email.com
538,ABC,DEF,email@email.com
539,ABC,DEF,email@email.com
540,ABC,DEF,email@email.com
541,ABC,DEF,email@email.com
542,ABC,DEF,email@email.com
543,ABC,DEF,email@email.com
544,ABC,DEF,email@email.com
545,ABC,DEF,email@email.com
546,ABC,DEF,email@email.com
547,ABC,DEF,email@email.com
548,ABC,DEF,email@email.com
549,ABC,DEF,email@email.com
550,ABC,DEF,email@email.com
551,ABC,DEF,email@email.com
552,ABC,DEF,email@email.com
553,ABC,DEF,email@email.com
554,ABC,DEF,email@email.com
555,ABC,DEF,email@email.com
556,ABC,DEF,email@email.com
557,ABC,DEF,email@email.com
558,ABC,DEF,email@email.com
559,ABC,DEF,email@email.com
560,ABC,DEF,email@email.com
561,ABC,DEF,email@email.com
562,ABC,DEF,email@email.com
563,ABC,DEF,email@email.com
564,ABC,DEF,email@email.com
565,ABC,DEF,email@email.com
566,ABC,DEF,email@email.com
567,ABC,DEF,email@email.com
568,ABC,DEF,email@email.com
569,ABC,DEF,email@email.com
570,ABC,DEF,email@email.com
571,ABC,DEF,email@email.com
572,ABC,DEF,email@email.com
573,ABC,DEF,email@email.com
574,ABC,DEF,email@email.com
575,ABC,DEF,email@email.com
576,ABC,DEF,email@email.com
577,ABC,DEF,email@email.com
578,ABC,DEF,email@email.com
579,ABC,DEF,email@email.com
580,ABC,DEF,email@email.com
581,ABC,DEF,email@email.com
582,ABC,DEF,email@email.com
583,ABC,DEF,email@email.com
584,ABC,DEF,email@email.com
585,ABC,DEF,email@email.com
586,ABC,DEF,email@email.com
587,ABC,DEF,email@email.com
588,ABC,DEF,email@email.com
589,ABC,DEF,email@email.com
590,ABC,DEF,email@email.com
591,ABC,DEF,email@email.com
592,ABC,DEF,email@email.com
593,ABC,DEF,email@email.com
594,ABC,DEF,email@email.com
595,ABC,DEF,email@email.com
596,ABC,DEF,email@email.com
597,ABC,DEF,email@email.com
598,ABC,DEF,email@email.com
599,ABC,DEF,email@email.com
600,ABC,DEF,email@email.com
601,ABC,DEF,email@email.com
602,ABC,DEF,email@email.com
603,ABC,DEF,email@email.com
604,ABC,DEF,email@email.com
605,ABC,DEF,email@email.com
606,ABC,DEF,email@email.com
607,ABC,DEF,email@email.com
608,ABC,DEF,email@email.com
609,ABC,DEF,email@email.com
610,ABC,DEF,email@email.com
611,ABC,DEF,email@email.com
612,ABC,DEF,email@email.com
613,ABC,DEF,email@email.com
614,ABC,DEF,email@email.com
615,ABC,DEF,email@email.com
616,ABC,DEF,email@email.com
617,ABC,DEF,email@email.com
618,ABC,DEF,email@email.com
619,ABC,DEF,email@email.com
620,ABC,DEF,email@email.com
621,ABC,DEF,email@email.com
622,ABC,DEF,email@email.com
623,ABC,DEF,email@email.com
624,ABC,DEF,email@email.com
625,ABC,DEF,email@email.com
626,ABC,DEF,email@email.com
627,ABC,DEF,email@email.com
628,ABC,DEF,email@email.com
629,ABC,DEF,email@email.com
630,ABC,DEF,email@email.com
631,ABC,DEF,email@email.com
632,ABC,DEF,email@email.com
633,ABC,DEF,email@email.com
634,ABC,DEF,email@email.com
635,ABC,DEF,email@email.com
636,ABC,DEF,email@email.com
637,ABC,DEF,email@email.com
638,ABC,DEF,email@email.com
639,ABC,DEF,email@email.com
640,ABC,DEF,email@email.com
641,ABC,DEF,email@email.com
642,ABC,DEF,email@email.com
643,ABC,DEF,email@email.com
644,ABC,DEF,email@email.com
645,ABC,DEF,email@email.com
646,ABC,DEF,email@email.com
647,ABC,DEF,email@email.com
648,ABC,DEF,email@email.com
649,ABC,DEF,email@email.com
650,ABC,DEF,email@email.com
651,ABC,DEF,email@email.com
652,ABC,DEF,email@email.com
653,ABC,DEF,email@email.com
654,ABC,DEF,email@email.com
655,ABC,DEF,email@email.com
656,ABC,DEF,email@email.com
657,ABC,DEF,email@email.com
658,ABC,DEF,email@email.com
659,ABC,DEF,email@email.com
660,ABC,DEF,email@email.com
661,ABC,DEF,email@email.com
662,ABC,DEF,email@email.com
663,ABC,DEF,email@email.com
664,ABC,DEF,email@email.com
665,ABC,DEF,email@email.com
666,ABC,DEF,email@email.com
667,ABC,DEF,email@email.com
668,ABC,DEF,email@email.com
669,ABC,DEF,email@email.com
670,ABC,DEF,email@email.com
671,ABC,DEF,email@email.com
672,ABC,DEF,email@email.com
673,ABC,DEF,email@email.com
674,ABC,DEF,email@email.com
675,ABC,DEF,email@email.com
676,ABC,DEF,email@email.com
677,ABC,DEF,email@email.com
678,ABC,DEF,email@email.com
679,ABC,DEF,email@email.com
680,ABC,DEF,email@email.com
681,ABC,DEF,email@email.com
682,ABC,DEF,email@email.com
683,ABC,DEF,email@email.com
684,ABC,DEF,email@email.com
685,ABC,DEF,email@email.com
686,ABC,DEF,email@email.com
687,ABC,DEF,email@email.com
688,ABC,DEF,email@email.com
689,ABC,DEF,email@email.com
690,ABC,DEF,email@email.com
691,ABC,DEF,email@email.com
692,ABC,DEF,email@email.com
693,ABC,DEF,email@email.com
694,ABC,DEF,email@email.com
695,ABC,DEF,email@email.com
696,ABC,DEF,email@email.com
697,ABC,DEF,email@email.com
698,ABC,DEF,email@email.com
699,ABC,DEF,email@email.com
700,ABC,DEF,email@email.com
701,ABC,DEF,email@email.com
702,ABC,DEF,email@email.com
703,ABC,DEF,email@email.com
704,ABC,DEF,email@email.com
705,ABC,DEF,email@email.com
706,ABC,DEF,email@email.com
707,ABC,DEF,email@email.com
708,ABC,DEF,email@email.com
709,ABC,DEF,email@email.com
710,ABC,DEF,email@email.com
711,ABC,DEF,email@email.com
712,ABC,DEF,email@email.com
713,ABC,DEF,email@email.com
714,ABC,DEF,email@email.com
715,ABC,DEF,email@email.com
716,ABC,DEF,email@email.com
717,ABC,DEF,email@email.com
718,ABC,DEF,email@email.com
719,ABC,DEF,email@email.com
720,ABC,DEF,email@email.com
721,ABC,DEF,email@email.com
722,ABC,DEF,email@email.com
723,ABC,DEF,email@email.com
724,ABC,DEF,email@email.com
725,ABC,DEF,email@email.com
726,ABC,DEF,email@email.com
727,ABC,DEF,email@email.com
728,ABC,DEF,email@email.com
729,ABC,DEF,email@email.com
730,ABC,DEF,email@email.com
731,ABC,DEF,email@email.com
732,ABC,DEF,email@email.com
733,ABC,DEF,email@email.com
734,ABC,DEF,email@email.com
735,ABC,DEF,email@email.com
736,ABC,DEF,email@email.com
737,ABC,DEF,email@email.com
738,ABC,DEF,email@email.com
739,ABC,DEF,email@email.com
740,ABC,DEF,email@email.com
741,ABC,DEF,email@email.com
742,ABC,DEF,email@email.com
743,ABC,DEF,email@email.com
744,ABC,DEF,email@email.com
745,ABC,DEF,email@email.com
746,ABC,DEF,email@email.com
747,ABC,DEF,email@email.com
748,ABC,DEF,email@email.com
749,ABC,DEF,email@email.com
750,ABC,DEF,email@email.com
751,ABC,DEF,email@email.com
752,ABC,DEF,email@email.com
753,ABC,DEF,email@email.com
754,ABC,DEF,email@email.com
755,ABC,DEF,email@email.com
756,ABC,DEF,email@email.com
757,ABC,DEF,email@email.com
758,ABC,DEF,email@email.com
759,ABC,DEF,email@email.com
760,ABC,DEF,email@email.com
761,ABC,DEF,email@email.com
762,ABC,DEF,email@email.com
763,ABC,DEF,email@email.com
764,ABC,DEF,email@email.com
765,ABC,DEF,email@email.com
766,ABC,DEF,email@email.com
767,ABC,DEF,email@email.com
768,ABC,DEF,email@email.com
769,ABC,DEF,email@email.com
770,ABC,DEF,email@email.com
771,ABC,DEF,email@email.com
772,ABC,DEF,email@email.com
773,ABC,DEF,email@email.com
774,ABC,DEF,email@email.com
775,ABC,DEF,email@email.com
776,ABC,DEF,email@email.com
777,ABC,DEF,email@email.com
778,ABC,DEF,email@email.com
779,ABC,DEF,email@email.com
780,ABC,DEF,email@email.com
781,ABC,DEF,email@email.com
782,ABC,DEF,email@email.com
783,ABC,DEF,email@email.com
784,ABC,DEF,email@email.com
785,ABC,DEF,email@email.com
786,ABC,DEF,email@email.com
787,ABC,DEF,email@email.com
788,ABC,DEF,email@email.com
789,ABC,DEF,email@email.com
790,ABC,DEF,email@email.com
791,ABC,DEF,email@email.com
792,ABC,DEF,email@email.com
793,ABC,DEF,email@email.com
794,ABC,DEF,email@email.com
795,ABC,DEF,email@email.com
796,ABC,DEF,email@email.com
797,ABC,DEF,email@email.com
798,ABC,DEF,email@email.com
799,ABC,DEF,email@email.com
800,ABC,DEF,email@email.com
801,ABC,DEF,email@email.com
802,ABC,DEF,email@email.com
803,ABC,DEF,email@email.com
804,ABC,DEF,email@email.com
805,ABC,DEF,email@email.com
806,ABC,DEF,email@email.com
807,ABC,DEF,email@email.com
808,ABC,DEF,email@email.com
809,ABC,DEF,email@email.com
810,ABC,DEF,email@email.com
811,ABC,DEF,email@email.com
812,ABC,DEF,email@email.com
813,ABC,DEF,email@email.com
814,ABC,DEF,email@email.com
815,ABC,DEF,email@email.com
816,ABC,DEF,email@email.com
817,ABC,DEF,email@email.com
818,ABC,DEF,email@email.com
819,ABC,DEF,email@email.com
820,ABC,DEF,email@email.com
821,ABC,DEF,email@email.com
822,ABC,DEF,email@email.com
823,ABC,DEF,email@email.com
824,ABC,DEF,email@email.com
825,ABC,DEF,email@email.com
826,ABC,DEF,email@email.com
827,ABC,DEF,email@email.com
828,ABC,DEF,email@email.com
829,ABC,DEF,email@email.com
830,ABC,DEF,email@email.com
831,ABC,DEF,email@email.com
832,ABC,DEF,email@email.com
833,ABC,DEF,email@email.com
834,ABC,DEF,email@email.com
835,ABC,DEF,email@email.com
836,ABC,DEF,email@email.com
837,ABC,DEF,email@email.com
838,ABC,DEF,email@email.com
839,ABC,DEF,email@email.com
840,ABC,DEF,email@email.com
841,ABC,DEF,email@email.com
842,ABC,DEF,email@email.com
843,ABC,DEF,email@email.com
844,ABC,DEF,email@email.com
845,ABC,DEF,email@email.com
846,ABC,DEF,email@email.com
847,ABC,DEF,email@email.com
848,ABC,DEF,email@email.com
849,ABC,DEF,email@email.com
850,ABC,DEF,email@email.com
851,ABC,DEF,email@email.com
852,ABC,DEF,email@email.com
853,ABC,DEF,email@email.com
854,ABC,DEF,email@email.com
855,ABC,DEF,email@email.com
856,ABC,DEF,email@email.com
857,ABC,DEF,email@email.com
858,ABC,DEF,email@email.com
859,ABC,DEF,email@email.com
860,ABC,DEF,email@email.com
861,ABC,DEF,email@email.com
862,ABC,DEF,email@email.com
863,ABC,DEF,email@email.com
864,ABC,DEF,email@email.com
865,ABC,DEF,email@email.com
866,ABC,DEF,email@email.com
867,ABC,DEF,email@email.com
868,ABC,DEF,email@email.com
869,ABC,DEF,email@email.com
870,ABC,DEF,email@email.com
871,ABC,DEF,email@email.com
872,ABC,DEF,email@email.com
873,ABC,DEF,email@email.com
874,ABC,DEF,email@email.com
875,ABC,DEF,email@email.com
876,ABC,DEF,email@email.com
877,ABC,DEF,email@email.com
878,ABC,DEF,email@email.com
879,ABC,DEF,email@email.com
880,ABC,DEF,email@email.com
881,ABC,DEF,email@email.com
882,ABC,DEF,email@email.com
883,ABC,DEF,email@email.com
884,ABC,DEF,email@email.com
885,ABC,DEF,email@email.com
886,ABC,DEF,email@email.com
887,ABC,DEF,email@email.com
888,ABC,DEF,email@email.com
889,ABC,DEF,email@email.com
890,ABC,DEF,email@email.com
891,ABC,DEF,email@email.com
892,ABC,DEF,email@email.com
893,ABC,DEF,email@email.com
894,ABC,DEF,email@email.com
895,ABC,DEF,email@email.com
896,ABC,DEF,email@email.com
897,ABC,DEF,email@email.com
898,ABC,DEF,email@email.com
899,ABC,DEF,email@email.com
900,ABC,DEF,email@email.com
901,ABC,DEF,email@email.com
902,ABC,DEF,email@email.com
903,ABC,DEF,email@email.com
904,ABC,DEF,email@email.com
905,ABC,DEF,email@email.com
906,ABC,DEF,email@email.com
907,ABC,DEF,email@email.com
908,ABC,DEF,email@email.com
909,ABC,DEF,email@email.com
910,ABC,DEF,email@email.com
911,ABC,DEF,email@email.com
912,ABC,DEF,email@email.com
913,ABC,DEF,email@email.com
914,ABC,DEF,email@email.com
915,ABC,DEF,email@email.com
916,ABC,DEF,email@email.com
917,ABC,DEF,email@email.com
918,ABC,DEF,email@email.com
919,ABC,DEF,email@email.com
920,ABC,DEF,email@email.com
921,ABC,DEF,email@email.com
922,ABC,DEF,email@email.com
923,ABC,DEF,email@email.com
924,ABC,DEF,email@email.com
925,ABC,DEF,email@email.com
926,ABC,DEF,email@email.com
927,ABC,DEF,email@email.com
928,ABC,DEF,email@email.com
929,ABC,DEF,email@email.com
930,ABC,DEF,email@email.com
931,ABC,DEF,email@email.com
932,ABC,DEF,email@email.com
933,ABC,DEF,email@email.com
934,ABC,DEF,email@email.com
935,ABC,DEF,email@email.com
936,ABC,DEF,email@email.com
937,ABC,DEF,email@email.com
938,ABC,DEF,email@email.com
939,ABC,DEF,email@email.com
940,ABC,DEF,email@email.com
941,ABC,DEF,email@email.com
942,ABC,DEF,email@email.com
943,ABC,DEF,email@email.com
944,ABC,DEF,email@email.com
945,ABC,DEF,email@email.com
946,ABC,DEF,email@email.com
947,ABC,DEF,email@email.com
948,ABC,DEF,email@email.com
949,ABC,DEF,email@email.com
950,ABC,DEF,email@email.com
951,ABC,DEF,email@email.com
952,ABC,DEF,email@email.com
953,ABC,DEF,email@email.com
954,ABC,DEF,email@email.com
955,ABC,DEF,email@email.com
956,ABC,DEF,email@email.com
957,ABC,DEF,email@email.com
958,ABC,DEF,email@email.com
959,ABC,DEF,email@email.com
960,ABC,DEF,email@email.com
961,ABC,DEF,email@email.com
962,ABC,DEF,email@email.com
963,ABC,DEF,email@email.com
964,ABC,DEF,email@email.com
965,ABC,DEF,email@email.com
966,ABC,DEF,email@email.com
967,ABC,DEF,email@email.com
968,ABC,DEF,email@email.com
969,ABC,DEF,email@email.com
970,ABC,DEF,email@email.com
971,ABC,DEF,email@email.com
972,ABC,DEF,email@email.com
973,ABC,DEF,email@email.com
974,ABC,DEF,email@email.com
975,ABC,DEF,email@email.com
976,ABC,DEF,email@email.com
977,ABC,DEF,email@email.com
978,ABC,DEF,email@email.com
979,ABC,DEF,email@email.com
980,ABC,DEF,email@email.com
981,ABC,DEF,email@email.com
982,ABC,DEF,email@email.com
983,ABC,DEF,email@email.com
984,ABC,DEF,email@email.com
985,ABC,DEF,email@email.com
986,ABC,DEF,email@email.com
987,ABC,DEF,email@email.com
988,ABC,DEF,email@email.com
989,ABC,DEF,email@email.com
990,ABC,DEF,email@email.com
991,ABC,DEF,email@email.com
992,ABC,DEF,email@email.com
993,ABC,DEF,email@email.com
994,ABC,DEF,email@email.com
995,ABC,DEF,email@email.com
996,ABC,DEF,email@email.com
997,ABC,DEF,email@email.com
998,ABC,DEF,email@email.com
999,ABC,DEF,email@email.com
1000,ABC,DEF,email@email.com
